<?xml version="1.0" encoding="UTF-8"?>
<beans xmlns="http://www.springframework.org/schema/beans"
       xmlns:xsi="http://www.w3.org/2001/XMLSchema-instance"
       xmlns:context="http://www.springframework.org/schema/context"
       xmlns:mvc="http://www.springframework.org/schema/mvc"
       xsi:schemaLocation="http://www.springframework.org/schema/beans http://www.springframework.org/schema/beans/spring-beans.xsd http://www.springframework.org/schema/context http://www.springframework.org/schema/context/spring-context.xsd http://www.springframework.org/schema/mvc http://www.springframework.org/schema/mvc/spring-mvc.xsd">

    <!--<context:annotation-config />--> <!-- 放到applicationContext.xml里了 -->

    <!-- 启动注解驱动的spring mvc 功能 -->
    <mvc:annotation-driven/>

    <mvc:interceptors>
        <bean class="com.mmall.common.HttpInterceptor" />
    </mvc:interceptors>

    <!-- 启动包扫描功能 -->
    <context:component-scan base-package="com.mmall.controller" />
    <!--<context:component-scan base-package="com.mmall.service" />--> <!-- 放到applicationContext.xml里了 -->

    <mvc:resources location="/js/" mapping="/js/**"/>
    <mvc:resources location="/css/" mapping="/css/**"/>
    <mvc:resources location="/bootstrap3.3.5/" mapping="/bootstrap3.3.5/**"/>
    <mvc:resources location="/assets/" mapping="/assets/**"/>
    <mvc:resources location="/ztree/" mapping="/ztree/**"/>

    <!--<bean class="com.mmall.common.ApplicationContextHelper" lazy-init="false" />--> <!-- 放到applicationContext.xml里了 -->

    <!--<bean class="org.springframework.web.servlet.mvc.method.annotation.RequestMappingHandlerMapping" />-->

    <bean class="com.mmall.common.SpringExceptionResolver" />

    <bean class="org.springframework.web.servlet.view.BeanNameViewResolver" />

    <bean id="jsonView" class="org.springframework.web.servlet.view.json.MappingJackson2JsonView" />

    <bean class="org.springframework.web.servlet.view.InternalResourceViewResolver">
        <property name="prefix" value="/WEB-INF/views/" />
        <property name="suffix" value=".jsp" />
    </bean>

</beans>